Run,Algo,Precision,Recall,Fscore,Accuracy
0,GBT,0.6694971432033252,0.5743773277142975,0.6167429412042729,0.825625
1,GBT,0.6768634655095102,0.5961110693873719,0.6326548312514592,0.831875
2,GBT,0.6610932535377632,0.5833555640231709,0.618434982013705,0.82375
3,GBT,0.6574829981505679,0.5884830612753554,0.6201729820289014,0.823125
4,GBT,0.6605909643717993,0.5795207977353686,0.616583975678091,0.8225
